{
  "tables": [
    {
      "id": 0,
      "name": "Pais",
      "x": -1171,
      "y": -655,
      "fields": [
        {
          "name": "IdPais",
          "type": "UUID",
          "default": "",
          "check": "",
          "primary": true,
          "unique": true,
          "notNull": true,
          "increment": false,
          "comment": "",
          "id": 0,
          "size": "",
          "values": []
        },
        {
          "name": "Nombre",
          "type": "VARCHAR",
          "default": "",
          "check": "",
          "primary": false,
          "unique": false,
          "notNull": true,
          "increment": false,
          "comment": "",
          "id": 1,
          "size": 255
        },
        {
          "name": "Activo",
          "type": "BOOLEAN",
          "default": "",
          "check": "",
          "primary": false,
          "unique": false,
          "notNull": true,
          "increment": false,
          "comment": "",
          "id": 2,
          "size": "",
          "values": []
        },
        {
          "name": "Actualizar",
          "type": "TIMESTAMP",
          "default": "",
          "check": "",
          "primary": false,
          "unique": false,
          "notNull": true,
          "increment": false,
          "comment": "",
          "id": 3,
          "size": "",
          "values": []
        }
      ],
      "comment": "",
      "indices": [],
      "color": "#175e7a",
      "key": 1724163675572
    },
    {
      "id": 1,
      "name": "Departamento",
      "x": -839,
      "y": -661,
      "fields": [
        {
          "name": "IdDepartamento",
          "type": "UUID",
          "default": "",
          "check": "",
          "primary": true,
          "unique": true,
          "notNull": true,
          "increment": false,
          "comment": "",
          "id": 0,
          "size": "",
          "values": []
        },
        {
          "name": "IdPais",
          "type": "UUID",
          "default": "",
          "check": "",
          "primary": false,
          "unique": false,
          "notNull": true,
          "increment": false,
          "comment": "",
          "id": 1,
          "size": "",
          "values": []
        },
        {
          "name": "Nombre",
          "type": "VARCHAR",
          "default": "",
          "check": "",
          "primary": false,
          "unique": false,
          "notNull": true,
          "increment": false,
          "comment": "",
          "id": 2,
          "size": 255,
          "values": []
        },
        {
          "name": "Activo",
          "type": "BOOLEAN",
          "default": "",
          "check": "",
          "primary": false,
          "unique": false,
          "notNull": true,
          "increment": false,
          "comment": "",
          "id": 3,
          "size": "",
          "values": []
        },
        {
          "name": "Actualizar",
          "type": "TIMESTAMP",
          "default": "",
          "check": "",
          "primary": false,
          "unique": false,
          "notNull": true,
          "increment": false,
          "comment": "",
          "id": 4,
          "size": "",
          "values": []
        }
      ],
      "comment": "",
      "indices": [],
      "color": "#175e7a",
      "key": 1724164654656
    },
    {
      "id": 2,
      "name": "Ciudad",
      "x": -476,
      "y": -664,
      "fields": [
        {
          "name": "IdCiudad",
          "type": "UUID",
          "default": "",
          "check": "",
          "primary": true,
          "unique": true,
          "notNull": true,
          "increment": false,
          "comment": "",
          "id": 0,
          "size": "",
          "values": []
        },
        {
          "name": "IdDepartamento",
          "type": "UUID",
          "default": "",
          "check": "",
          "primary": false,
          "unique": false,
          "notNull": true,
          "increment": false,
          "comment": "",
          "id": 1,
          "size": "",
          "values": []
        },
        {
          "name": "Nombre",
          "type": "VARCHAR",
          "default": "",
          "check": "",
          "primary": false,
          "unique": false,
          "notNull": true,
          "increment": false,
          "comment": "",
          "id": 2,
          "size": 255
        },
        {
          "name": "Açtivo",
          "type": "BOOLEAN",
          "default": "",
          "check": "",
          "primary": false,
          "unique": false,
          "notNull": true,
          "increment": false,
          "comment": "",
          "id": 3,
          "size": "",
          "values": []
        },
        {
          "name": "Actualizar",
          "type": "TIMESTAMP",
          "default": "",
          "check": "",
          "primary": false,
          "unique": false,
          "notNull": true,
          "increment": false,
          "comment": "",
          "id": 4,
          "size": "",
          "values": []
        }
      ],
      "comment": "",
      "indices": [],
      "color": "#175e7a",
      "key": 1724165151678
    },
    {
      "id": 3,
      "name": "Gimnasio",
      "x": -124,
      "y": -667,
      "fields": [
        {
          "name": "IdGimnasio",
          "type": "UUID",
          "default": "",
          "check": "",
          "primary": true,
          "unique": true,
          "notNull": true,
          "increment": false,
          "comment": "",
          "id": 0,
          "size": "",
          "values": []
        },
        {
          "name": "Nombre",
          "type": "VARCHAR",
          "default": "",
          "check": "",
          "primary": false,
          "unique": false,
          "notNull": false,
          "increment": false,
          "comment": "",
          "id": 1,
          "size": 255
        },
        {
          "name": "TipoGimnasio",
          "type": "VARCHAR",
          "default": "",
          "check": "",
          "primary": false,
          "unique": false,
          "notNull": false,
          "increment": false,
          "comment": "",
          "id": 2,
          "size": 255
        },
        {
          "name": "FechaApertura",
          "type": "DATE",
          "default": "",
          "check": "",
          "primary": false,
          "unique": false,
          "notNull": false,
          "increment": false,
          "comment": "",
          "id": 3,
          "size": "",
          "values": []
        },
        {
          "name": "NIT",
          "type": "INTEGER",
          "default": "",
          "check": "",
          "primary": false,
          "unique": false,
          "notNull": false,
          "increment": false,
          "comment": "",
          "id": 4,
          "size": "",
          "values": []
        },
        {
          "name": "IdCiudad",
          "type": "UUID",
          "default": "",
          "check": "",
          "primary": true,
          "unique": false,
          "notNull": true,
          "increment": false,
          "comment": "",
          "id": 5,
          "size": "",
          "values": []
        },
        {
          "name": "Activo",
          "type": "BIT",
          "default": "",
          "check": "",
          "primary": false,
          "unique": false,
          "notNull": false,
          "increment": false,
          "comment": "",
          "id": 6,
          "size": 1
        },
        {
          "name": "Actualizar",
          "type": "TIMESTAMP",
          "default": "",
          "check": "",
          "primary": false,
          "unique": false,
          "notNull": false,
          "increment": false,
          "comment": "",
          "id": 7,
          "size": "",
          "values": []
        }
      ],
      "comment": "",
      "indices": [],
      "color": "#175e7a",
      "key": 1724166454098
    },
    {
      "id": 4,
      "name": "Sede",
      "x": -63.999999999999886,
      "y": -275.00000000000006,
      "fields": [
        {
          "name": "IdSede",
          "type": "UUID",
          "default": "",
          "check": "",
          "primary": true,
          "unique": true,
          "notNull": true,
          "increment": false,
          "comment": "",
          "id": 0,
          "size": "",
          "values": []
        },
        {
          "name": "Nombre",
          "type": "VARCHAR",
          "default": "",
          "check": "",
          "primary": false,
          "unique": false,
          "notNull": true,
          "increment": false,
          "comment": "",
          "id": 1,
          "size": 255
        },
        {
          "name": "Telefono",
          "type": "INTEGER",
          "default": "",
          "check": "",
          "primary": false,
          "unique": false,
          "notNull": false,
          "increment": false,
          "comment": "",
          "id": 2,
          "size": "",
          "values": []
        },
        {
          "name": "HorarioAtencion",
          "type": "TIMESTAMP",
          "default": "",
          "check": "",
          "primary": false,
          "unique": false,
          "notNull": false,
          "increment": false,
          "comment": "",
          "id": 3,
          "size": "",
          "values": []
        },
        {
          "name": "IdGimnasio",
          "type": "UUID",
          "default": "",
          "check": "",
          "primary": true,
          "unique": false,
          "notNull": true,
          "increment": false,
          "comment": "",
          "id": 4,
          "size": "",
          "values": []
        }
      ],
      "comment": "",
      "indices": [],
      "color": "#175e7a",
      "key": 1724718061299
    },
    {
      "id": 5,
      "name": "Empleado",
      "x": -481.99999999999994,
      "y": -195.99999999999994,
      "fields": [
        {
          "name": "IdEmpleado",
          "type": "UUID",
          "default": "",
          "check": "",
          "primary": true,
          "unique": true,
          "notNull": true,
          "increment": false,
          "comment": "",
          "id": 0,
          "size": "",
          "values": []
        },
        {
          "name": "Nombre",
          "type": "VARCHAR",
          "default": "",
          "check": "",
          "primary": false,
          "unique": false,
          "notNull": false,
          "increment": false,
          "comment": "",
          "id": 1,
          "size": 255
        },
        {
          "name": "apellido",
          "type": "VARCHAR",
          "default": "",
          "check": "",
          "primary": false,
          "unique": false,
          "notNull": false,
          "increment": false,
          "comment": "",
          "id": 2,
          "size": 255
        },
        {
          "name": "Cargo",
          "type": "VARCHAR",
          "default": "",
          "check": "",
          "primary": false,
          "unique": false,
          "notNull": false,
          "increment": false,
          "comment": "",
          "id": 3,
          "size": 255
        },
        {
          "name": "Salario",
          "type": "DECIMAL",
          "default": "",
          "check": "",
          "primary": false,
          "unique": false,
          "notNull": false,
          "increment": false,
          "comment": "",
          "id": 4
        },
        {
          "name": "IdSede",
          "type": "UUID",
          "default": "",
          "check": "",
          "primary": true,
          "unique": false,
          "notNull": true,
          "increment": false,
          "comment": "",
          "id": 5,
          "size": "",
          "values": []
        },
        {
          "name": "Activo",
          "type": "BIT",
          "default": "",
          "check": "",
          "primary": false,
          "unique": false,
          "notNull": false,
          "increment": false,
          "comment": "",
          "id": 6,
          "size": 1
        },
        {
          "name": "Actualizar",
          "type": "TIMESTAMP",
          "default": "",
          "check": "",
          "primary": false,
          "unique": false,
          "notNull": false,
          "increment": false,
          "comment": "",
          "id": 7,
          "size": "",
          "values": []
        }
      ],
      "comment": "",
      "indices": [],
      "color": "#175e7a",
      "key": 1724718792036
    },
    {
      "id": 6,
      "name": "Cliente",
      "x": -864,
      "y": -276,
      "fields": [
        {
          "name": "IdCliente",
          "type": "UUID",
          "default": "",
          "check": "",
          "primary": true,
          "unique": true,
          "notNull": true,
          "increment": false,
          "comment": "",
          "id": 0,
          "size": "",
          "values": []
        },
        {
          "name": "Nombre",
          "type": "VARCHAR",
          "default": "",
          "check": "",
          "primary": false,
          "unique": false,
          "notNull": false,
          "increment": false,
          "comment": "",
          "id": 1,
          "size": 255
        },
        {
          "name": "Apellido",
          "type": "VARCHAR",
          "default": "",
          "check": "",
          "primary": false,
          "unique": false,
          "notNull": false,
          "increment": false,
          "comment": "",
          "id": 2,
          "size": 255
        },
        {
          "name": "IdGenero",
          "type": "UUID",
          "default": "",
          "check": "",
          "primary": false,
          "unique": false,
          "notNull": true,
          "increment": false,
          "comment": "",
          "id": 3,
          "size": "",
          "values": []
        },
        {
          "name": "IdDocumento",
          "type": "UUID",
          "default": "",
          "check": "",
          "primary": true,
          "unique": false,
          "notNull": true,
          "increment": false,
          "comment": "",
          "id": 4,
          "size": "",
          "values": []
        },
        {
          "name": "IdEstadocivil",
          "type": "UUID",
          "default": "",
          "check": "",
          "primary": true,
          "unique": false,
          "notNull": true,
          "increment": false,
          "comment": "",
          "id": 5,
          "size": "",
          "values": []
        },
        {
          "name": "Activo",
          "type": "BIT",
          "default": "",
          "check": "",
          "primary": false,
          "unique": false,
          "notNull": false,
          "increment": false,
          "comment": "",
          "id": 6,
          "size": 1
        },
        {
          "name": "Actualizar",
          "type": "TIMESTAMP",
          "default": "",
          "check": "",
          "primary": false,
          "unique": false,
          "notNull": false,
          "increment": false,
          "comment": "",
          "id": 7,
          "size": "",
          "values": []
        }
      ],
      "comment": "",
      "indices": [],
      "color": "#175e7a",
      "key": 1724718793552
    },
    {
      "id": 7,
      "name": "Documento",
      "x": -841,
      "y": 110.00000000000006,
      "fields": [
        {
          "name": "IdDocumento",
          "type": "UUID",
          "default": "",
          "check": "",
          "primary": true,
          "unique": true,
          "notNull": true,
          "increment": false,
          "comment": "",
          "id": 0,
          "size": "",
          "values": []
        },
        {
          "name": "Numero",
          "type": "BIGINT",
          "default": "",
          "check": "",
          "primary": false,
          "unique": false,
          "notNull": false,
          "increment": false,
          "comment": "",
          "id": 1,
          "size": "",
          "values": []
        },
        {
          "name": "FechaExpedicion",
          "type": "DATE",
          "default": "",
          "check": "",
          "primary": false,
          "unique": false,
          "notNull": false,
          "increment": false,
          "comment": "",
          "id": 2,
          "size": "",
          "values": []
        },
        {
          "name": "LugarExpedicion",
          "type": "VARCHAR",
          "default": "",
          "check": "",
          "primary": false,
          "unique": false,
          "notNull": false,
          "increment": false,
          "comment": "",
          "id": 3,
          "size": 255
        },
        {
          "name": "Descripcion",
          "type": "VARCHAR",
          "default": "",
          "check": "",
          "primary": false,
          "unique": false,
          "notNull": false,
          "increment": false,
          "comment": "",
          "id": 4,
          "size": 255
        },
        {
          "name": "Activo",
          "type": "BIT",
          "default": "",
          "check": "",
          "primary": false,
          "unique": false,
          "notNull": false,
          "increment": false,
          "comment": "",
          "id": 5,
          "size": 1
        },
        {
          "name": "Actualizar",
          "type": "TIMESTAMP",
          "default": "",
          "check": "",
          "primary": false,
          "unique": false,
          "notNull": false,
          "increment": false,
          "comment": "",
          "id": 6,
          "size": "",
          "values": []
        }
      ],
      "comment": "",
      "indices": [],
      "color": "#175e7a",
      "key": 1724719621891
    },
    {
      "id": 8,
      "name": "Genero",
      "x": -608,
      "y": -426.00000000000006,
      "fields": [
        {
          "name": "IdGenero",
          "type": "UUID",
          "default": "",
          "check": "",
          "primary": true,
          "unique": true,
          "notNull": true,
          "increment": false,
          "comment": "",
          "id": 0,
          "size": "",
          "values": []
        },
        {
          "name": "Descripcion",
          "type": "VARCHAR",
          "default": "",
          "check": "",
          "primary": false,
          "unique": false,
          "notNull": false,
          "increment": false,
          "comment": "",
          "id": 1,
          "size": 255
        },
        {
          "name": "Activo",
          "type": "BIT",
          "default": "",
          "check": "",
          "primary": false,
          "unique": false,
          "notNull": false,
          "increment": false,
          "comment": "",
          "id": 2,
          "size": 1
        },
        {
          "name": "Actualizar",
          "type": "TIMESTAMP",
          "default": "",
          "check": "",
          "primary": false,
          "unique": false,
          "notNull": false,
          "increment": false,
          "comment": "",
          "id": 3,
          "size": "",
          "values": []
        }
      ],
      "comment": "",
      "indices": [],
      "color": "#175e7a",
      "key": 1724719638929
    },
    {
      "id": 9,
      "name": "Estadocivil",
      "x": -1140,
      "y": -357,
      "fields": [
        {
          "name": "IdEstadocivil",
          "type": "UUID",
          "default": "",
          "check": "",
          "primary": true,
          "unique": true,
          "notNull": true,
          "increment": false,
          "comment": "",
          "id": 0,
          "size": "",
          "values": []
        },
        {
          "name": "FechaCambio",
          "type": "DATE",
          "default": "",
          "check": "",
          "primary": false,
          "unique": false,
          "notNull": false,
          "increment": false,
          "comment": "",
          "id": 1,
          "size": "",
          "values": []
        },
        {
          "name": "IdTipoestadocivil",
          "type": "UUID",
          "default": "",
          "check": "",
          "primary": true,
          "unique": false,
          "notNull": true,
          "increment": false,
          "comment": "",
          "id": 2,
          "size": "",
          "values": []
        },
        {
          "name": "Descripcion",
          "type": "VARCHAR",
          "default": "",
          "check": "",
          "primary": false,
          "unique": false,
          "notNull": false,
          "increment": false,
          "comment": "",
          "id": 3,
          "size": 255
        },
        {
          "name": "Activo",
          "type": "BIT",
          "default": "",
          "check": "",
          "primary": false,
          "unique": false,
          "notNull": false,
          "increment": false,
          "comment": "",
          "id": 4,
          "size": 1
        },
        {
          "name": "Actualizar",
          "type": "TIMESTAMP",
          "default": "",
          "check": "",
          "primary": false,
          "unique": false,
          "notNull": false,
          "increment": false,
          "comment": "",
          "id": 5,
          "size": "",
          "values": []
        }
      ],
      "comment": "",
      "indices": [],
      "color": "#175e7a",
      "key": 1724720341987
    },
    {
      "id": 10,
      "name": "Membresia",
      "x": 217.9999999999999,
      "y": -778,
      "fields": [
        {
          "name": "IdMembresia",
          "type": "UUID",
          "default": "",
          "check": "",
          "primary": true,
          "unique": true,
          "notNull": true,
          "increment": false,
          "comment": "",
          "id": 0,
          "size": "",
          "values": []
        },
        {
          "name": "FechaInicio",
          "type": "INTERVAL",
          "default": "",
          "check": "",
          "primary": false,
          "unique": false,
          "notNull": true,
          "increment": false,
          "comment": "",
          "id": 1,
          "size": "",
          "values": []
        },
        {
          "name": "FechaFin",
          "type": "INTERVAL",
          "default": "",
          "check": "",
          "primary": false,
          "unique": false,
          "notNull": true,
          "increment": false,
          "comment": "",
          "id": 2,
          "size": "",
          "values": []
        },
        {
          "name": "IdTipomembresia",
          "type": "UUID",
          "default": "",
          "check": "",
          "primary": true,
          "unique": false,
          "notNull": true,
          "increment": false,
          "comment": "",
          "id": 3,
          "size": "",
          "values": []
        },
        {
          "name": "IdCliente",
          "type": "UUID",
          "default": "",
          "check": "",
          "primary": true,
          "unique": false,
          "notNull": true,
          "increment": false,
          "comment": "",
          "id": 4,
          "size": "",
          "values": []
        },
        {
          "name": "Activo",
          "type": "BIT",
          "default": "",
          "check": "",
          "primary": false,
          "unique": false,
          "notNull": false,
          "increment": false,
          "comment": "",
          "id": 5,
          "size": 1
        },
        {
          "name": "Actualizar",
          "type": "TIMESTAMP",
          "default": "",
          "check": "",
          "primary": false,
          "unique": false,
          "notNull": false,
          "increment": false,
          "comment": "",
          "id": 6,
          "size": "",
          "values": []
        }
      ],
      "comment": "",
      "indices": [],
      "color": "#175e7a",
      "key": 1724721561652
    },
    {
      "id": 11,
      "name": "Tipomembresia",
      "x": 585.9999999999999,
      "y": -442.99999999999994,
      "fields": [
        {
          "name": "IdTipomembresia",
          "type": "UUID",
          "default": "",
          "check": "",
          "primary": true,
          "unique": true,
          "notNull": true,
          "increment": false,
          "comment": "",
          "id": 0,
          "size": "",
          "values": []
        },
        {
          "name": "Descripcion",
          "type": "VARCHAR",
          "default": "",
          "check": "",
          "primary": false,
          "unique": false,
          "notNull": true,
          "increment": false,
          "comment": "",
          "id": 1,
          "size": 255
        },
        {
          "name": "Precio",
          "type": "MONEY",
          "default": "",
          "check": "",
          "primary": false,
          "unique": false,
          "notNull": true,
          "increment": false,
          "comment": "",
          "id": 2
        },
        {
          "name": "Duracion",
          "type": "INTERVAL",
          "default": "",
          "check": "",
          "primary": false,
          "unique": false,
          "notNull": true,
          "increment": false,
          "comment": "",
          "id": 3,
          "size": "",
          "values": []
        },
        {
          "name": "Activo",
          "type": "BIT",
          "default": "",
          "check": "",
          "primary": false,
          "unique": false,
          "notNull": false,
          "increment": false,
          "comment": "",
          "id": 4,
          "size": 1
        },
        {
          "name": "Actualizar",
          "type": "TIMESTAMP",
          "default": "",
          "check": "",
          "primary": false,
          "unique": false,
          "notNull": false,
          "increment": false,
          "comment": "",
          "id": 5,
          "size": "",
          "values": []
        }
      ],
      "comment": "",
      "indices": [],
      "color": "#175e7a",
      "key": 1724721900680
    },
    {
      "id": 12,
      "name": "Detallemembresia",
      "x": 224.9999999999999,
      "y": -398.99999999999994,
      "fields": [
        {
          "name": "IdDetalle",
          "type": "UUID",
          "default": "",
          "check": "",
          "primary": true,
          "unique": true,
          "notNull": true,
          "increment": false,
          "comment": "",
          "id": 0,
          "size": "",
          "values": []
        },
        {
          "name": "FechaPago",
          "type": "DATE",
          "default": "",
          "check": "",
          "primary": false,
          "unique": false,
          "notNull": false,
          "increment": false,
          "comment": "",
          "id": 1,
          "size": "",
          "values": []
        },
        {
          "name": "MontoPagado",
          "type": "MONEY",
          "default": "",
          "check": "",
          "primary": false,
          "unique": false,
          "notNull": false,
          "increment": false,
          "comment": "",
          "id": 2
        },
        {
          "name": "IdMembresia",
          "type": "UUID",
          "default": "",
          "check": "",
          "primary": true,
          "unique": false,
          "notNull": true,
          "increment": false,
          "comment": "",
          "id": 3,
          "size": "",
          "values": []
        },
        {
          "name": "Activo",
          "type": "BIT",
          "default": "",
          "check": "",
          "primary": false,
          "unique": false,
          "notNull": false,
          "increment": false,
          "comment": "",
          "id": 4,
          "size": 1
        },
        {
          "name": "Actualizar",
          "type": "TIMESTAMP",
          "default": "",
          "check": "",
          "primary": false,
          "unique": false,
          "notNull": false,
          "increment": false,
          "comment": "",
          "id": 5,
          "size": "",
          "values": []
        }
      ],
      "comment": "",
      "indices": [],
      "color": "#175e7a",
      "key": 1724722370913
    },
    {
      "id": 13,
      "name": "Metodopago",
      "x": 95.99999999999989,
      "y": 286,
      "fields": [
        {
          "name": "IdMetodopago",
          "type": "UUID",
          "default": "",
          "check": "",
          "primary": true,
          "unique": true,
          "notNull": true,
          "increment": false,
          "comment": "",
          "id": 0,
          "size": "",
          "values": []
        },
        {
          "name": "Descripcion",
          "type": "VARCHAR",
          "default": "",
          "check": "",
          "primary": false,
          "unique": false,
          "notNull": false,
          "increment": false,
          "comment": "",
          "id": 1,
          "size": 255
        },
        {
          "name": "Activo",
          "type": "BOOLEAN",
          "default": "",
          "check": "",
          "primary": false,
          "unique": false,
          "notNull": false,
          "increment": false,
          "comment": "",
          "id": 2,
          "size": "",
          "values": []
        },
        {
          "name": "Actualizar",
          "type": "TIMESTAMP",
          "default": "",
          "check": "",
          "primary": false,
          "unique": false,
          "notNull": false,
          "increment": false,
          "comment": "",
          "id": 3,
          "size": "",
          "values": []
        }
      ],
      "comment": "",
      "indices": [],
      "color": "#175e7a",
      "key": 1724724471919
    },
    {
      "id": 14,
      "name": "Factura",
      "x": -164.00000000000006,
      "y": 93.99999999999994,
      "fields": [
        {
          "name": "IdFactura",
          "type": "UUID",
          "default": "",
          "check": "",
          "primary": true,
          "unique": true,
          "notNull": true,
          "increment": false,
          "comment": "",
          "id": 0,
          "size": "",
          "values": []
        },
        {
          "name": "Fecha",
          "type": "DATE",
          "default": "",
          "check": "",
          "primary": false,
          "unique": false,
          "notNull": false,
          "increment": false,
          "comment": "",
          "id": 1,
          "size": "",
          "values": []
        },
        {
          "name": "MontoTotal",
          "type": "MONEY",
          "default": "",
          "check": "",
          "primary": false,
          "unique": false,
          "notNull": false,
          "increment": false,
          "comment": "",
          "id": 2
        },
        {
          "name": "IdMetodopago",
          "type": "UUID",
          "default": "",
          "check": "",
          "primary": true,
          "unique": false,
          "notNull": true,
          "increment": false,
          "comment": "",
          "id": 3,
          "size": "",
          "values": []
        },
        {
          "name": "IdCliente",
          "type": "UUID",
          "default": "",
          "check": "",
          "primary": true,
          "unique": false,
          "notNull": true,
          "increment": false,
          "comment": "",
          "id": 4,
          "size": "",
          "values": []
        },
        {
          "name": "Activo",
          "type": "BIT",
          "default": "",
          "check": "",
          "primary": false,
          "unique": false,
          "notNull": false,
          "increment": false,
          "comment": "",
          "id": 5,
          "size": 1
        },
        {
          "name": "Actualizar",
          "type": "TIMESTAMP",
          "default": "",
          "check": "",
          "primary": false,
          "unique": false,
          "notNull": false,
          "increment": false,
          "comment": "",
          "id": 6,
          "size": "",
          "values": []
        }
      ],
      "comment": "",
      "indices": [],
      "color": "#175e7a",
      "key": 1724724541768
    },
    {
      "id": 15,
      "name": "Estadofactura",
      "x": -467.00000000000006,
      "y": 225,
      "fields": [
        {
          "name": "IdEstadofactura",
          "type": "UUID",
          "default": "",
          "check": "",
          "primary": true,
          "unique": true,
          "notNull": true,
          "increment": false,
          "comment": "",
          "id": 0,
          "size": "",
          "values": []
        },
        {
          "name": "Descripcion",
          "type": "VARCHAR",
          "default": "",
          "check": "",
          "primary": false,
          "unique": false,
          "notNull": false,
          "increment": false,
          "comment": "",
          "id": 1,
          "size": 255
        },
        {
          "name": "FechaCambio",
          "type": "DATE",
          "default": "",
          "check": "",
          "primary": false,
          "unique": false,
          "notNull": false,
          "increment": false,
          "comment": "",
          "id": 2,
          "size": "",
          "values": []
        },
        {
          "name": "IdFactura",
          "type": "UUID",
          "default": "",
          "check": "",
          "primary": true,
          "unique": false,
          "notNull": true,
          "increment": false,
          "comment": "",
          "id": 3,
          "size": "",
          "values": []
        },
        {
          "name": "Activo",
          "type": "BIT",
          "default": "",
          "check": "",
          "primary": false,
          "unique": false,
          "notNull": false,
          "increment": false,
          "comment": "",
          "id": 4,
          "size": 1
        },
        {
          "name": "Actualizar",
          "type": "TIMESTAMP",
          "default": "",
          "check": "",
          "primary": false,
          "unique": false,
          "notNull": false,
          "increment": false,
          "comment": "",
          "id": 5,
          "size": "",
          "values": []
        }
      ],
      "comment": "",
      "indices": [],
      "color": "#175e7a",
      "key": 1724724863959
    },
    {
      "id": 16,
      "name": "Detallefactura",
      "x": 213,
      "y": -46,
      "fields": [
        {
          "name": "IdDetallefactura",
          "type": "UUID",
          "default": "",
          "check": "",
          "primary": true,
          "unique": true,
          "notNull": true,
          "increment": false,
          "comment": "",
          "id": 0,
          "size": "",
          "values": []
        },
        {
          "name": "Cantidad",
          "type": "INTEGER",
          "default": "",
          "check": "",
          "primary": false,
          "unique": false,
          "notNull": false,
          "increment": false,
          "comment": "",
          "id": 1,
          "size": "",
          "values": []
        },
        {
          "name": "PrecioUnitario",
          "type": "MONEY",
          "default": "",
          "check": "",
          "primary": false,
          "unique": false,
          "notNull": false,
          "increment": false,
          "comment": "",
          "id": 2
        },
        {
          "name": "IdFactura",
          "type": "UUID",
          "default": "",
          "check": "",
          "primary": true,
          "unique": false,
          "notNull": true,
          "increment": false,
          "comment": "",
          "id": 3,
          "size": "",
          "values": []
        },
        {
          "name": "DescripcionProducto",
          "type": "VARCHAR",
          "default": "",
          "check": "",
          "primary": false,
          "unique": false,
          "notNull": false,
          "increment": false,
          "comment": "",
          "id": 4,
          "size": 255
        },
        {
          "name": "Activo",
          "type": "BIT",
          "default": "",
          "check": "",
          "primary": false,
          "unique": false,
          "notNull": false,
          "increment": false,
          "comment": "",
          "id": 5,
          "size": 1
        },
        {
          "name": "Actualizar",
          "type": "TIMESTAMP",
          "default": "",
          "check": "",
          "primary": false,
          "unique": false,
          "notNull": false,
          "increment": false,
          "comment": "",
          "id": 6,
          "size": "",
          "values": []
        }
      ],
      "comment": "",
      "indices": [],
      "color": "#175e7a",
      "key": 1724725033428
    }
  ],
  "relationships": [
    {
      "startTableId": 1,
      "startFieldId": 0,
      "endTableId": 0,
      "endFieldId": 0,
      "cardinality": "Muchos a uno",
      "updateConstraint": "No action",
      "deleteConstraint": "No action",
      "name": "Pais_IdPais_fk",
      "id": 0
    },
    {
      "startTableId": 2,
      "startFieldId": 0,
      "endTableId": 1,
      "endFieldId": 0,
      "cardinality": "Muchos a uno",
      "updateConstraint": "No action",
      "deleteConstraint": "No action",
      "name": "Departamento_IdDepartamento_fk",
      "id": 1
    },
    {
      "startTableId": 2,
      "startFieldId": 0,
      "endTableId": 3,
      "endFieldId": 0,
      "cardinality": "Uno a muchos",
      "updateConstraint": "No action",
      "deleteConstraint": "No action",
      "name": "Ciudad_IdCiudad_fk",
      "id": 2
    },
    {
      "startTableId": 4,
      "startFieldId": 0,
      "endTableId": 3,
      "endFieldId": 0,
      "cardinality": "Muchos a uno",
      "updateConstraint": "No action",
      "deleteConstraint": "No action",
      "name": "Gimnasio_IdGimnasio_fk",
      "id": 3
    },
    {
      "startTableId": 4,
      "startFieldId": 0,
      "endTableId": 5,
      "endFieldId": 0,
      "cardinality": "Uno a muchos",
      "updateConstraint": "No action",
      "deleteConstraint": "No action",
      "name": "Empleado_IdEmpleado_fk",
      "id": 4
    },
    {
      "startTableId": 8,
      "startFieldId": 0,
      "endTableId": 6,
      "endFieldId": 0,
      "cardinality": "Uno a muchos",
      "updateConstraint": "No action",
      "deleteConstraint": "No action",
      "name": "Cliente_IdCliente_fk",
      "id": 5
    },
    {
      "startTableId": 7,
      "startFieldId": 0,
      "endTableId": 6,
      "endFieldId": 0,
      "cardinality": "Uno a uno",
      "updateConstraint": "No action",
      "deleteConstraint": "No action",
      "name": "Documento_IdDocumento_fk",
      "id": 6
    },
    {
      "startTableId": 9,
      "startFieldId": 0,
      "endTableId": 6,
      "endFieldId": 0,
      "cardinality": "Uno a uno",
      "updateConstraint": "No action",
      "deleteConstraint": "No action",
      "name": "Estadocivil_IdEstadocivil_fk",
      "id": 7
    },
    {
      "startTableId": 11,
      "startFieldId": 0,
      "endTableId": 10,
      "endFieldId": 0,
      "cardinality": "Uno a muchos",
      "updateConstraint": "No action",
      "deleteConstraint": "No action",
      "name": "Membresia_IdMembresia_fk",
      "id": 8
    },
    {
      "startTableId": 6,
      "startFieldId": 0,
      "endTableId": 10,
      "endFieldId": 0,
      "cardinality": "Uno a muchos",
      "updateConstraint": "No action",
      "deleteConstraint": "No action",
      "name": "Cliente_IdCliente_fk",
      "id": 9
    },
    {
      "startTableId": 10,
      "startFieldId": 0,
      "endTableId": 12,
      "endFieldId": 0,
      "cardinality": "Uno a muchos",
      "updateConstraint": "No action",
      "deleteConstraint": "No action",
      "name": "Membresia_IdMembresia_fk",
      "id": 10
    },
    {
      "startTableId": 13,
      "startFieldId": 0,
      "endTableId": 14,
      "endFieldId": 0,
      "cardinality": "Uno a muchos",
      "updateConstraint": "No action",
      "deleteConstraint": "No action",
      "name": "Metodopago_IdMetodopago_fk",
      "id": 11
    },
    {
      "startTableId": 14,
      "startFieldId": 0,
      "endTableId": 15,
      "endFieldId": 0,
      "cardinality": "Uno a muchos",
      "updateConstraint": "No action",
      "deleteConstraint": "No action",
      "name": "Estadofactura_IdEstadofactura_fk",
      "id": 12
    },
    {
      "startTableId": 14,
      "startFieldId": 0,
      "endTableId": 16,
      "endFieldId": 0,
      "cardinality": "Uno a muchos",
      "updateConstraint": "No action",
      "deleteConstraint": "No action",
      "name": "Detallefactura_IdDetallefactura_fk",
      "id": 13
    },
    {
      "startTableId": 6,
      "startFieldId": 0,
      "endTableId": 14,
      "endFieldId": 0,
      "cardinality": "Uno a muchos",
      "updateConstraint": "No action",
      "deleteConstraint": "No action",
      "name": "Cliente_IdCliente_fk",
      "id": 14
    }
  ],
  "notes": [],
  "subjectAreas": [],
  "database": "postgresql",
  "types": [],
  "enums": [],
  "title": "Entidad-relación"
}